user_id,user_address
U001,Jl. Thamrin No. 59595. Ende
U002,Jl. Diponegoro No. 40404. Gunungsitoli
U003,Jl. Veteran No. 7777. Padang
U004,Jl. Gajah Mada No. 27272. Tegal
U005,Jl. Diponegoro No. 28282. Serang
U006,Jl. Ahmad Yani No. 456. Surabaya
U007,Jl. Thamrin No. 23232. Tanjung Pinang
U008,Jl. Veteran No. 43434. Sangatta
U009,Jl. Thamrin No. 23232. Tanjung Pinang
U010,Jl. Pahlawan No. 29292. Cilacap
U011,Jl. Gajah Mada No. 51515. Atambua
U012,Jl. Ahmad Yani No. 38383. Padang Sidempuan
U013,Jl. Asia Afrika No. 555. Bogor
U014,Jl. Gatot Subroto No. 58585. Ruteng
U015,Jl. Merdeka No. 54545. Kalabahi
U016,Jl. Merdeka No. 333. Makassar
U017,Jl. Imam Bonjol No. 24242. Pangkal Pinang
U018,Jl. Thamrin No. 59595. Ende
U019,Jl. Merdeka No. 18181. Gorontalo
U020,Jl. Hayam Wuruk No. 21212. Tarakan
U021,Jl. Diponegoro No. 101. Bandung
U022,Jl. Gajah Mada No. 39393. Tebing Tinggi
U023,Jl. Gajah Mada No. 39393. Tebing Tinggi
U024,Jl. Diponegoro No. 16161. Sorong
U025,Jl. Imam Bonjol No. 60606. Maumere.
U026,Jl. Asia Afrika No. 32323. Bau-Bau
U027,Jl. Diponegoro No. 101. Bandung
U028,Jl. Gatot Subroto No. 58585. Ruteng
U029,Jl. Thamrin No. 11111. Palu
U030,Jl. Sudirman No. 13131. Jayapura
U031,Jl. Ahmad Yani No. 38383. Padang Sidempuan
U032,Jl. Pahlawan No. 29292. Cilacap
U033,Jl. Ahmad Yani No. 38383. Padang Sidempuan
U034,Jl. Gatot Subroto No. 34343. Lubuk Linggau
U035,Jl. Merdeka No. 333. Makassar
U036,Jl. Pahlawan No. 222. Semarang
U037,Jl. Gatot Subroto No. 777. Malang
U038,Jl. Gajah Mada No. 15151. Banda Aceh
U039,Jl. Gatot Subroto No. 777. Malang
U040,Jl. Diponegoro No. 40404. Gunungsitoli
U041,Jl. Veteran No. 7777. Padang
U042,Jl. Diponegoro No. 16161. Sorong
U043,Jl. Asia Afrika No. 20202. Banjarmasin
U044,Jl. Sudirman No. 1111. Balikpapan
U045,Jl. Gajah Mada No. 15151. Banda Aceh
U046,Jl. Gajah Mada No. 15151. Banda Aceh
U047,Jl. Thamrin No. 11111. Palu
U048,Jl. Gajah Mada No. 3333. Bandar Lampung
U049,Jl. Thamrin No. 23232. Tanjung Pinang
U050,Jl. Thamrin No. 47474. Ruteng
U051,Jl. Gatot Subroto No. 46464. Waingapu
U052,Jl. Diponegoro No. 40404. Gunungsitoli
U053,Jl. Pahlawan No. 5555. Samarinda
U054,Jl. Imam Bonjol No. 24242. Pangkal Pinang
U055,Jl. Hayam Wuruk No. 21212. Tarakan
U056,Jl. Diponegoro No. 28282. Serang
U057,Jl. Ahmad Yani No. 456. Surabaya
U058,Jl. Ahmad Yani No. 456. Surabaya
U059,Jl. Merdeka No. 30303. Kupang
U060,Jl. Thamrin No. 35353. Tanjung Balai
U061,Jl. Asia Afrika No. 56565. Waikabubak
U062,Jl. Thamrin No. 47474. Ruteng
U063,Jl. Sudirman No. 123. Jakarta
U064,Jl. Ahmad Yani No. 2222. Pekanbaru
U065,Jl. Gajah Mada No. 789. Medan
U066,Jl. Pahlawan No. 17171. Kendari
U067,Jl. Ahmad Yani No. 14141. Ternate
U068,Jl. Gatot Subroto No. 10101. Bengkulu
U069,Jl. Sudirman No. 37373. Binjai
U070,Jl. Hayam Wuruk No. 33333. Bontang
U071,Jl. Merdeka No. 30303. Kupang
U072,Jl. Merdeka No. 42424. Tanjung Selor
U073,Jl. Imam Bonjol No. 60606. Maumere.
U074,Jl. Sudirman No. 1111. Balikpapan
U075,Jl. Thamrin No. 888. Yogyakarta
U076,Jl. Diponegoro No. 4444. Pontianak
U077,Jl. Gajah Mada No. 51515. Atambua
U078,Jl. Diponegoro No. 16161. Sorong
U079,Jl. Thamrin No. 888. Yogyakarta
U080,Jl. Gatot Subroto No. 22222. Singkawang
U081,Jl. Gajah Mada No. 39393. Tebing Tinggi
U082,Jl. Ahmad Yani No. 26262. Pekalongan
U083,Jl. Asia Afrika No. 44444. Palopo
U084,Jl. Hayam Wuruk No. 9999. Mataram
U085,Jl. Diponegoro No. 16161. Sorong
U086,Jl. Ahmad Yani No. 50505. Larantuka
U087,Jl. Thamrin No. 23232. Tanjung Pinang
U088,Jl. Merdeka No. 30303. Kupang
U089,Jl. Sudirman No. 49494. Maumere
U090,Jl. Asia Afrika No. 44444. Palopo
U091,Jl. Gatot Subroto No. 58585. Ruteng
U092,Jl. Pahlawan No. 17171. Kendari
U093,Jl. Thamrin No. 11111. Palu
U094,Jl. Ahmad Yani No. 2222. Pekanbaru
U095,Jl. Merdeka No. 54545. Kalabahi
U096,Jl. Diponegoro No. 101. Bandung
U097,Jl. Gatot Subroto No. 22222. Singkawang
U098,Jl. Sudirman No. 37373. Binjai
U099,Jl. Gajah Mada No. 27272. Tegal
U100,Jl. Sudirman No. 13131. Jayapura
U101,Jl. Pahlawan No. 41414. Sibolga
U102,Jl. Merdeka No. 6666. Cirebon
U103,Jl. Imam Bonjol No. 60606. Maumere.
U104,Jl. Pahlawan No. 29292. Cilacap
U105,Jl. Veteran No. 43434. Sangatta
U106,Jl. Pahlawan No. 29292. Cilacap
U107,Jl. Gatot Subroto No. 22222. Singkawang
U108,Jl. Imam Bonjol No. 999. Batam
U109,Jl. Merdeka No. 333. Makassar
U110,Jl. Hayam Wuruk No. 21212. Tarakan
U111,Jl. Imam Bonjol No. 12121. Ambon
U112,Jl. Thamrin No. 23232. Tanjung Pinang
U113,Jl. Asia Afrika No. 32323. Bau-Bau
U114,Jl. Diponegoro No. 4444. Pontianak
U115,Jl. Hayam Wuruk No. 21212. Tarakan
U116,Jl. Gajah Mada No. 39393. Tebing Tinggi
U117,Jl. Gajah Mada No. 789. Medan
U118,Jl. Diponegoro No. 40404. Gunungsitoli
U119,Jl. Merdeka No. 30303. Kupang
U120,Jl. Pahlawan No. 5555. Samarinda
U121,Jl. Thamrin No. 47474. Ruteng
U122,Jl. Imam Bonjol No. 999. Batam
U123,Jl. Imam Bonjol No. 24242. Pangkal Pinang
U124,Jl. Veteran No. 31313. Palopo
U125,Jl. Sudirman No. 1111. Balikpapan
U126,Jl. Veteran No. 7777. Padang
U127,Jl. Veteran No. 19191. Palangkaraya
U128,Jl. Veteran No. 43434. Sangatta
U129,Jl. Merdeka No. 6666. Cirebon
U130,Jl. Gatot Subroto No. 10101. Bengkulu
U131,Jl. Asia Afrika No. 8888. Manado
U132,Jl. Gatot Subroto No. 10101. Bengkulu
U133,Jl. Ahmad Yani No. 456. Surabaya
U134,Jl. Thamrin No. 888. Yogyakarta
U135,Jl. Ahmad Yani No. 50505. Larantuka
U136,Jl. Ahmad Yani No. 456. Surabaya
U137,Jl. Pahlawan No. 17171. Kendari
U138,Jl. Sudirman No. 1111. Balikpapan
U139,Jl. Thamrin No. 888. Yogyakarta
U140,Jl. Veteran No. 444. Palembang
U141,Jl. Merdeka No. 333. Makassar
U142,Jl. Diponegoro No. 28282. Serang
U143,Jl. Veteran No. 43434. Sangatta
U144,Jl. Veteran No. 55555. Rote
U145,Jl. Thamrin No. 35353. Tanjung Balai
U146,Jl. Sudirman No. 25252. Jambi
U147,Jl. Asia Afrika No. 32323. Bau-Bau
U148,Jl. Sudirman No. 49494. Maumere
U149,Jl. Hayam Wuruk No. 57575. Waingapu
U150,Jl. Hayam Wuruk No. 21212. Tarakan
U001,Jl. Hayam Wuruk No. 9999. Mataram
U002,Jl. Pahlawan No. 53535. Soe
U003,Jl. Asia Afrika No. 32323. Bau-Bau
U004,Jl. Thamrin No. 35353. Tanjung Balai
U005,Jl. Thamrin No. 23232. Tanjung Pinang
U006,Jl. Ahmad Yani No. 2222. Pekanbaru
U007,Jl. Hayam Wuruk No. 45454. Bima
U008,Jl. Pahlawan No. 222. Semarang
U009,Jl. Sudirman No. 37373. Binjai
U010,Jl. Hayam Wuruk No. 57575. Waingapu
U011,Jl. Diponegoro No. 28282. Serang
U012,Jl. Imam Bonjol No. 60606. Maumere.
U013,Jl. Diponegoro No. 16161. Sorong
U014,Jl. Imam Bonjol No. 12121. Ambon
U015,Jl. Sudirman No. 49494. Maumere
U016,Jl. Veteran No. 31313. Palopo
U017,Jl. Merdeka No. 42424. Tanjung Selor
U018,Jl. Asia Afrika No. 32323. Bau-Bau
U019,Jl. Hayam Wuruk No. 9999. Mataram
U020,Jl. Pahlawan No. 5555. Samarinda
U021,Jl. Thamrin No. 59595. Ende
U022,Jl. Hayam Wuruk No. 45454. Bima
U023,Jl. Hayam Wuruk No. 666. Denpasar
U024,Jl. Thamrin No. 47474. Ruteng
U025,Jl. Gatot Subroto No. 10101. Bengkulu
U026,Jl. Gatot Subroto No. 777. Malang
U027,Jl. Diponegoro No. 28282. Serang
U028,Jl. Gatot Subroto No. 22222. Singkawang
U029,Jl. Diponegoro No. 28282. Serang
U030,Jl. Asia Afrika No. 56565. Waikabubak
U031,Jl. Pahlawan No. 17171. Kendari
U032,Jl. Asia Afrika No. 8888. Manado
U033,Jl. Gajah Mada No. 789. Medan
U034,Jl. Ahmad Yani No. 50505. Larantuka
U035,Jl. Sudirman No. 13131. Jayapura
U036,Jl. Hayam Wuruk No. 33333. Bontang
U037,Jl. Merdeka No. 42424. Tanjung Selor
U038,Jl. Imam Bonjol No. 60606. Maumere.
U039,Jl. Asia Afrika No. 8888. Manado
U040,Jl. Veteran No. 43434. Sangatta
U041,Jl. Asia Afrika No. 555. Bogor
U042,Jl. Gatot Subroto No. 58585. Ruteng
U043,Jl. Sudirman No. 123. Jakarta
U044,Jl. Gajah Mada No. 51515. Atambua
U045,Jl. Pahlawan No. 17171. Kendari
U046,Jl. Diponegoro No. 16161. Sorong
U047,Jl. Asia Afrika No. 555. Bogor
U048,Jl. Diponegoro No. 4444. Pontianak
U049,Jl. Veteran No. 444. Palembang
U050,Jl. Diponegoro No. 28282. Serang
U051,Jl. Imam Bonjol No. 48484. Ende
U052,Jl. Gatot Subroto No. 58585. Ruteng
U053,Jl. Imam Bonjol No. 36363. Pematangsiantar
U054,Jl. Ahmad Yani No. 26262. Pekalongan
U055,Jl. Sudirman No. 25252. Jambi
U056,Jl. Sudirman No. 123. Jakarta
U057,Jl. Asia Afrika No. 8888. Manado
U058,Jl. Sudirman No. 1111. Balikpapan
U059,Jl. Asia Afrika No. 44444. Palopo
U060,Jl. Merdeka No. 6666. Cirebon
U061,Jl. Veteran No. 55555. Rote
U062,Jl. Veteran No. 55555. Rote
U063,Jl. Sudirman No. 13131. Jayapura
U064,Jl. Diponegoro No. 4444. Pontianak
U065,Jl. Gatot Subroto No. 777. Malang
U066,Jl. Hayam Wuruk No. 45454. Bima
U067,Jl. Ahmad Yani No. 2222. Pekanbaru
U068,Jl. Thamrin No. 11111. Palu
U069,Jl. Imam Bonjol No. 60606. Maumere.
U070,Jl. Imam Bonjol No. 24242. Pangkal Pinang
U071,Jl. Pahlawan No. 5555. Samarinda
U072,Jl. Diponegoro No. 28282. Serang
U073,Jl. Thamrin No. 35353. Tanjung Balai
U074,Jl. Gajah Mada No. 15151. Banda Aceh
U075,Jl. Imam Bonjol No. 24242. Pangkal Pinang
U076,Jl. Sudirman No. 123. Jakarta
U077,Jl. Asia Afrika No. 56565. Waikabubak
U078,Jl. Gajah Mada No. 15151. Banda Aceh
U079,Jl. Gatot Subroto No. 46464. Waingapu
U080,Jl. Imam Bonjol No. 60606. Maumere.
U081,Jl. Merdeka No. 54545. Kalabahi
U082,Jl. Thamrin No. 35353. Tanjung Balai
U083,Jl. Hayam Wuruk No. 57575. Waingapu
U084,Jl. Gajah Mada No. 15151. Banda Aceh
U085,Jl. Pahlawan No. 17171. Kendari
U086,Jl. Thamrin No. 11111. Palu
U087,Jl. Gajah Mada No. 27272. Tegal
U088,Jl. Merdeka No. 18181. Gorontalo
U089,Jl. Merdeka No. 42424. Tanjung Selor
U090,Jl. Sudirman No. 1111. Balikpapan
U091,Jl. Pahlawan No. 17171. Kendari
U092,Jl. Merdeka No. 333. Makassar
U093,Jl. Pahlawan No. 53535. Soe
U094,Jl. Hayam Wuruk No. 45454. Bima
U095,Jl. Gajah Mada No. 789. Medan
U096,Jl. Ahmad Yani No. 26262. Pekalongan
U097,Jl. Sudirman No. 13131. Jayapura
U098,Jl. Thamrin No. 23232. Tanjung Pinang
U099,Jl. Gatot Subroto No. 22222. Singkawang
U100,Jl. Pahlawan No. 17171. Kendari
