courier_id,courier_name
K001,Tailor
K002,Ferrell
K003,Anders
K004,Perren
K005,Isidor
K006,Wendall
K007,Kurtis
K008,Correy
K009,Lalo
K010,Tyler
K011,Ezekiel
K012,Creight
K013,Corbie
K014,Julian
K015,Douglass
K016,Sarge
K017,Sky
K018,Delmer
K019,Shepherd
K020,Waverly
K021,Jeremiah
K022,Waldo
K023,Jarret
K024,Erik
K025,Jasper
K026,Hermon
K027,Curcio
K028,Shayne
K029,Dallon
K030,Archibald
K031,Boone
K032,Carroll
K033,Averil
K034,Carmine
K035,Rockwell
K036,Merill
K037,Georas
K038,Ewan
K039,Javier
K040,Emlen
K041,Cassie
K042,Clem
K043,Dalton
K044,Vassili
K045,Ingram
K046,Wakefield
K047,Milton
K048,Keith
K049,Cully
K050,Erasmus
K051,Thomas
K052,Jone
K053,Pebrook
K054,Barny
K055,Courtney
K056,Gare
K057,Hi
K058,Guthry
K059,Winfred
K060,Ezechiel
K061,Cesaro
K062,Ximenez
K063,Maury
K064,Manny
K065,Armando
K066,Matteo
K067,Radcliffe
K068,Jedediah
K069,Zechariah
K070,Gifford
K071,Manfred
K072,Freeman
K073,Seth
K074,Raymund
K075,Chaddie
K076,Harp
K077,Norby
K078,Griffy
K079,Thoma
K080,Bowie
K081,Talbot
K082,Hewie
K083,Chaim
K084,Caryl
K085,Rudie
K086,Lalo
K087,Nicolis
K088,Ezequiel
K089,Reynard
K090,Bailie
K091,Rafe
K092,Georgy
K093,Seth
K094,Hunfredo
K095,Randie
K096,Claudian
K097,Dex
K098,Jarib
K099,Georas
K100,Benn
K101,Nathan
K102,Innis
K103,Damon
K104,Yuma
K105,Cullan
K106,Christie
K107,Rodd
K108,Jayme
K109,Ode
K110,Field
K111,Guy
K112,Sutton
K113,Gabi
K114,Martyn
K115,Jethro
K116,Nobe
K117,Aldon
K118,Currie
K119,Marius
K120,Curran
K121,Kerby
K122,Ellery
K123,Dar
K124,Gaven
K125,Kristopher
K126,Mischa
K127,Durante
K128,Hermon
K129,Kristoforo
K130,Luke
K131,Noel
K132,Matthew
K133,Wolf
K134,Chaim
K135,Khalil
K136,Shell
K137,Fin
K138,Mikol
K139,Karim
K140,Freedman
K141,Vic
K142,Pascal
K143,Cristobal
K144,Kingston
K145,Fowler
K146,Julius
K147,Garner
K148,Dexter
K149,Sloane
K150,Hillier
