product_id,category_id,sup_id,product_name,product_price
P001,C048,S137,Coconut and Lime Shower Gel,48000
P002,C135,S095,Pineapple and Coconut Lip Balm,88000
P003,C115,S030,Mixed Nuts Variety Pack,37000
P004,C063,S057,Vanilla Bean Hand Cream,71000
P005,C095,S048,Salted Caramel Protein Bar,58000
P006,C036,S072,Pineapple and Coconut Lip Balm,54000
P007,C139,S002,Green Apple Energy Bar,4000
P008,C109,S023,Mixed Berry Yogurt,54000
P009,C119,S109,Beef Jerky Strips,86000
P010,C120,S087,Rice Crackers Pack,31000
P011,C068,S052,Lemon Scented Dish Soap,98000
P012,C031,S055,Aloe Vera Body Lotion,96000
P013,C059,S117,Mixed Berry Muesli,40000
P014,C127,S092,Exfoliating Facial Scrub,84000
P015,C104,S107,Spicy Ramen Noodles,26000
P016,C102,S134,Vegetable Spring Roll Wrappers,23000
P017,C038,S026,Mediterranean Olive Breadsticks,54000
P018,C092,S032,Honey Mustard Pretzels,81000
P019,C037,S071,Coconut Oil Hair Serum,88000
P020,C054,S002,Instant Pancake Syrup,16000
P021,C035,S091,Apple Cinnamon Muffin Mix,35000
P022,C050,S041,Mediterranean Hummus Dip,25000
P023,C040,S025,Seaweed Snack Pack,26000
P024,C006,S018,Instant Tomato Soup,3000
P025,C149,S050,Oven-Baked Potato Chips,97000
P026,C017,S137,Hazelnut Coffee Beans,82000
P027,C090,S061,Mediterranean Olive Mix,11000
P028,C144,S121,Pineapple and Coconut Lip Balm,55000
P029,C052,S078,Instant Chicken Congee,86000
P030,C147,S010,Quinoa and Brown Rice Pack,46000
P031,C127,S013,Lavender Fabric Softener,55000
P032,C018,S024,Bag of Mixed Candies,23000
P033,C031,S006,Lemon Sorbet,25000
P034,C097,S125,Lemon-Lime Carbonated Drink,22000
P035,C128,S060,Green Tea and Aloe Face Mask,28000
P036,C146,S010,Chicken and Mushroom Cup Noodles,44000
P037,C095,S095,Creamy Vanilla Ice Cream,94000
P038,C069,S071,Caesar Salad Dressing,25000
P039,C127,S006,Lemon Scented Dish Soap,11000
P040,C064,S102,Cinnamon Roll Protein Bar,58000
P041,C071,S143,Mixed Berry Yogurt,14000
P042,C026,S034,Lavender Linen Spray,53000
P043,C149,S045,Vanilla Bean Protein Bar,96000
P044,C099,S117,Chocolate Banana Protein Shake,35000
P045,C145,S049,Ginger and Turmeric Tea,8000
P046,C035,S056,Cinnamon Roll Protein Bar,96000
P047,C046,S094,Gourmet Popcorn Sampler,31000
P048,C100,S035,Choco Delight Biscuits,68000
P049,C053,S047,Pomegranate Antioxidant Drink,16000
P050,C123,S093,Cotton Swabs Box,91000
P051,C122,S013,Rice Crackers Pack,37000
P052,C065,S116,Cheese and Crackers Combo,60000
P053,C056,S093,Chocolate Covered Strawberries,66000
P054,C137,S057,Green Apple Scented Shampoo,66000
P055,C018,S104,Mango Tango Sorbet,72000
P056,C113,S106,Energy-Boosting Multivitamins,48000
P057,C024,S085,Honey Lemon Herbal Tea,17000
P058,C128,S023,Coconut Milk Carton,52000
P059,C131,S063,Coconut and Pineapple Lip Balm,22000
P060,C052,S150,Blueberry Pancake Mix,96000
P061,C140,S139,Coconut Milk Carton,51000
P062,C088,S144,Mango Tango Bubble Bath,17000
P063,C039,S051,Fresh Orange Juice,42000
P064,C100,S023,Energy-Boosting Gummy Bears,66000
P065,C041,S009,Caramel Popcorn Bag,15000
P066,C050,S083,Mixed Berry Protein Pancakes,9000
P067,C019,S107,Chicken and Mushroom Cup Noodles,66000
P068,C020,S012,Lemon Sorbet,68000
P069,C017,S084,Hand Sanitizer Gel,34000
P070,C122,S038,French Vanilla Creamer,4000
P071,C030,S048,Frozen Mixed Berries,52000
P072,C109,S031,Coconut Water Bottle,54000
P073,C134,S130,Mixed Berry Muesli,41000
P074,C016,S045,Mediterranean Olive Breadsticks,69000
P075,C088,S139,Coconut Milk Carton,84000
P076,C049,S058,Choco Delight Biscuits,59000
P077,C123,S031,Coconut Water Bottle,21000
P078,C034,S069,Instant Pancake Syrup,13000
P079,C061,S015,Mixed Berry Yogurt,2000
P080,C037,S110,Aloe Vera Body Lotion,45000
P081,C110,S130,Apple Cider Vinegar,31000
P082,C129,S136,Peppermint Chocolate Bites,77000
P083,C044,S113,Apple Cider Vinegar,77000
P084,C111,S067,Vanilla Caramel Cupcakes,96000
P085,C023,S034,Chocolate Banana Muffin Mix,73000
P086,C134,S138,Coconut Milk Carton,68000
P087,C100,S030,Frozen Mixed Berries,82000
P088,C058,S014,Tomato Basil Bruschetta,89000
P089,C013,S110,Iced Coffee Blend,66000
P090,C003,S121,Lemon Sorbet,94000
P091,C129,S053,Soy Sauce Bottle,13000
P092,C093,S057,Sweet Chili Sauce,20000
P093,C125,S084,Mixed Berry Protein Smoothie,67000
P094,C090,S060,Chocolate Chip Cookies,91000
P095,C061,S085,Lavender Linen Spray,51000
P096,C144,S098,Instant Noodle Soup,44000
P097,C012,S127,Ginger and Turmeric Tea,4000
P098,C083,S013,Coconut and Pineapple Smoothie,50000
P099,C105,S023,Dark Chocolate Covered Pretzels,95000
P100,C042,S118,Lavender Fabric Softener,2000
P101,C064,S046,Rice Crackers Pack,67000
P102,C118,S035,Sea Salted Caramel Pretzels,91000
P103,C098,S140,Apple Cider Vinegar,66000
P104,C053,S101,Honey Mustard Pretzels,100000
P105,C012,S148,Chocolate Hazelnut Spread,21000
P106,C148,S137,Mixed Berry Muesli,45000
P107,C084,S011,Hazelnut Spread Sticks,61000
P108,C142,S003,Instant Chicken Congee,80000
P109,C034,S051,Instant Pancake Syrup,62000
P110,C021,S023,Almond Butter Jar,52000
P111,C139,S064,Canned Tuna in Oil,33000
P112,C117,S082,Green Tea and Aloe Face Mask,8000
P113,C022,S088,Teriyaki Rice Crackers,47000
P114,C037,S025,Gourmet Chocolate Truffles,100000
P115,C045,S139,Lemonade Mix Packet,15000
P116,C016,S102,Honey Mustard Pretzels,38000
P117,C115,S125,Chocolate Chip Cookies,87000
P118,C030,S090,Mixed Fruit Jam Jar,83000
P119,C074,S147,Greek Yogurt Parfait,82000
P120,C072,S016,Cinnamon Toast Crunch Cereal,87000
P121,C051,S123,Chocolate Chip Cookies,37000
P122,C124,S023,Hazelnut Coffee Beans,76000
P123,C054,S038,Instant Chicken Congee,41000
P124,C065,S138,Apple Cinnamon Muffin Mix,20000
P125,C025,S049,Canned Sardines in Tomato Sauce,93000
P126,C130,S017,Lemon-Lime Carbonated Drink,40000
P127,C028,S141,Mixed Fruit Jam Jar,96000
P128,C043,S010,Mediterranean Hummus Dip,7000
P129,C019,S021,Mixed Nuts Variety Pack,16000
P130,C024,S111,Mixed Berry Muesli,41000
P131,C068,S056,Mixed Nuts Variety Pack,69000
P132,C085,S130,Cheese and Crackers Combo,42000
P133,C092,S133,Sweet Chili Sauce,100000
P134,C035,S048,Iced Coffee Blend,80000
P135,C042,S124,Hazelnut Spread Sticks,12000
P136,C027,S032,Blueberry Pancake Mix,10000
P137,C096,S145,Coconut and Pineapple Lip Balm,64000
P138,C067,S149,Mixed Berry Scented Candle,97000
P139,C055,S050,Cherry Blossom Scented Candles,24000
P140,C133,S076,Peppermint Herbal Tea,99000
P141,C140,S001,Spicy Ramen Noodles,72000
P142,C104,S022,Pocket-Sized Facial Tissues,27000
P143,C150,S020,Cinnamon Roll Protein Bar,97000
P144,C063,S046,Acai Berry Smoothie,35000
P145,C144,S060,Oven-Baked Potato Chips,18000
P146,C012,S065,Chocolate Covered Strawberries,4000
P147,C013,S061,Mixed Fruit Jam Jar,61000
P148,C038,S012,Rice Crackers Pack,27000
P149,C149,S045,Cotton Swabs Box,91000
P150,C037,S139,Canned Sardines in Tomato Sauce,82000
