category_id,category_name
C001,pet supplies
C002,produce
C003,meat
C004,canned goods
C005,frozen foods
C006,frozen foods
C007,frozen foods
C008,alcohol
C009,snacks
C010,household
C011,international foods
C012,frozen foods
C013,deli
C014,canned goods
C015,household
C016,household
C017,dairy
C018,meat
C019,meat
C020,personal care
C021,dairy
C022,baby care
C023,baby care
C024,condiments
C025,frozen foods
C026,household
C027,frozen foods
C028,frozen foods
C029,produce
C030,grocery
C031,produce
C032,cleaning supplies
C033,canned goods
C034,meat
C035,meat
C036,health and wellness
C037,dairy
C038,meat
C039,cleaning supplies
C040,international foods
C041,deli
C042,produce
C043,breakfast
C044,household
C045,grocery
C046,alcohol
C047,grocery
C048,meat
C049,personal care
C050,bakery
C051,breakfast
C052,dairy
C053,meat
C054,cleaning supplies
C055,alcohol
C056,deli
C057,cleaning supplies
C058,personal care
C059,breakfast
C060,health and wellness
C061,deli
C062,grocery
C063,breakfast
C064,meat
C065,alcohol
C066,meat
C067,health and wellness
C068,produce
C069,grocery
C070,household
C071,international foods
C072,beverages
C073,breakfast
C074,deli
C075,grocery
C076,health and wellness
C077,frozen foods
C078,health and wellness
C079,personal care
C080,personal care
C081,health and wellness
C082,international foods
C083,condiments
C084,deli
C085,health and wellness
C086,international foods
C087,breakfast
C088,meat
C089,meat
C090,bakery
C091,household
C092,produce
C093,grocery
C094,canned goods
C095,deli
C096,canned goods
C097,condiments
C098,household
C099,breakfast
C100,household
C101,grocery
C102,produce
C103,meat
C104,breakfast
C105,deli
C106,canned goods
C107,grocery
C108,household
C109,alcohol
C110,produce
C111,alcohol
C112,grocery
C113,condiments
C114,meat
C115,beverages
C116,international foods
C117,snacks
C118,deli
C119,condiments
C120,household
C121,produce
C122,dairy
C123,bakery
C124,beverages
C125,canned goods
C126,produce
C127,grocery
C128,deli
C129,alcohol
C130,grocery
C131,health and wellness
C132,grocery
C133,alcohol
C134,pet supplies
C135,alcohol
C136,canned goods
C137,cleaning supplies
C138,snacks
C139,canned goods
C140,cleaning supplies
C141,grocery
C142,alcohol
C143,breakfast
C144,meat
C145,pet supplies
C146,canned goods
C147,pet supplies
C148,cleaning supplies
C149,household
C150,international foods
