review_id,comment,rating,order_id,user_id
R001,,2,O105,U119
R002,Terrible quality. Do not buy.,5,O074,U142
R003,,5,O003,U122
R004,,3,O031,U017
R005,Fast and easy shopping experience.,1,O026,U050
R006,,5,O117,U145
R007,Fantastic flavor.,1,O116,U145
R008,,3,O134,U046
R009,Does not meet expectations.,5,O147,U134
R010,Could be better.,3,O140,U014
R011,,3,O137,U022
R012,Amazing value for the price.,4,O089,U118
R013,,1,O100,U089
R014,,5,O087,U063
R015,Too expensive for the quality.,5,O125,U030
R016,,1,O008,U078
R017,Lackluster performance.,2,O080,U033
R018,Disappointing experience.,4,O033,U140
R019,Unreliable availability.,2,O021,U120
R020,Fast and easy shopping experience.,1,O124,U064
R021,,2,O068,U059
R022,,3,O147,U123
R023,,4,O134,U143
R024,Unappetizing appearance.,1,O105,U114
R025,,3,O124,U069
R026,Fast and easy shopping experience.,1,O053,U085
R027,Unreliable product.,2,O006,U104
R028,,3,O081,U097
R029,,1,O092,U113
R030,Great variety of options.,4,O117,U076
R031,Top-notch quality.,2,O104,U094
R032,Fast and easy shopping experience.,5,O075,U069
R033,,5,O072,U028
R034,Good value for the price.,1,O074,U119
R035,,4,O062,U129
R036,Highly recommended.,1,O072,U055
R037,,5,O124,U034
R038,,3,O150,U148
R039,Affordable and budget-friendly.,3,O042,U098
R040,,3,O029,U002
R041,Convenient location.,4,O069,U115
R042,Poor customer service.,5,O031,U054
R043,Not worth the money.,5,O146,U001
R044,Efficient returns process.,3,O041,U078
R045,,1,O139,U125
R046,,4,O055,U046
R047,Fresh and flavorful.,2,O150,U008
R048,Does not live up to the hype.,1,O024,U042
R049,,4,O085,U111
R050,,5,O068,U087
R051,,3,O089,U029
R052,,3,O094,U148
R053,Helpful staff.,1,O005,U139
R054,,3,O082,U095
R055,,1,O012,U138
R056,,4,O096,U034
R057,Convenient location.,2,O122,U058
R058,Convenient location.,5,O149,U018
R059,Convenient and easy to use.,3,O141,U025
R060,Unpleasant taste.,5,O145,U144
R061,,3,O075,U004
R062,Great product! Highly recommend.,2,O110,U068
R063,,2,O014,U064
R064,,4,O134,U075
R065,Inconsistent quality.,2,O135,U064
R066,,5,O074,U004
R067,Unsatisfactory packaging.,4,O097,U039
R068,,3,O022,U042
R069,Unpleasant texture.,1,O146,U148
R070,,4,O145,U102
R071,,5,O014,U078
R072,,2,O010,U055
R073,Exceptional service.,4,O007,U097
R074,Does not live up to the hype.,4,O102,U124
R075,,5,O041,U090
R076,,4,O046,U018
R077,,2,O044,U136
R078,,2,O066,U100
R079,,4,O115,U003
R080,Subpar ingredients.,3,O063,U092
R081,,3,O107,U020
R082,,1,O100,U109
R083,Prompt delivery.,3,O101,U144
R084,,2,O135,U071
R085,Subpar ingredients.,5,O083,U093
R086,,1,O131,U103
R087,Good value for the price.,4,O113,U079
R088,,4,O150,U080
R089,,2,O033,U140
R090,,1,O055,U079
R091,,2,O052,U113
R092,Disappointing experience.,2,O029,U028
R093,Inconsistent quality.,2,O097,U088
R094,Outstanding value.,5,O142,U044
R095,,5,O135,U101
R096,Great selection of products.,2,O134,U012
R097,Deliciously satisfying.,5,O130,U038
R098,,2,O051,U043
R099,Not as advertised.,4,O066,U120
R100,Could be better.,5,O131,U059
