sup_id,sup_name,sup_address,sup_phone
S001,Malorie Bignell,Jl. Flamboyan No. 27. Makassar,087890123460
S002,Joannes Robrose,Jl. Kesawan No. 8. Medan,081234567891
S003,Nady Cressor,Jl. Raya Barat No. 5. Medan,086789012354
S004,Corrine Longcaster,Jl. Sengkaling No. 3. Malang,087890123459
S005,Chaunce Linscott,Jl. Ketintang No. 17. Surabaya,084567890131
S006,Lelia Feltham,Jl. Surya Bangun No. 9. Palembang,088901234580
S007,Euell Dawkes,Jl. Somba Opu No. 14. Makassar,083456789019
S008,Lizzie Schrei,Jl. Kenanga 3A. Surabaya,090123456799
S009,Wendell Fitzjohn,Jl. Puncak Jaya No. 16. Surabaya,088901234568
S010,Selig Goley,Jl. Permata Hijau No. 6. Bandung,082345678911
S011,Pegeen Powis,Jl. Darmo Permai No. 27. Semarang,082345678912
S012,Curr Kuzemka,Jl. Puri Asih No. 30. Semarang,083456789023
S013,Temple Gold,Jl. Puri Asih Baru No. 11. Jakarta,087890123456
S014,Mercie Adshed,Jl. Mulawarman No. 8. Medan,082345678903
S015,Hedwiga Brugger,Jl. Banyu Urip No. 15. Surabaya,087890123469
S016,Roseline Pochin,Jl. Gubeng Kertajaya No. 21. Surabaya,088901234578
S017,Bunny Nassi,Jl. A. Yani Timur No. 16. Surabaya,086789012355
S018,Bink Knowlys,Jl. Permata Indah No. 2. Surabaya,089012345684
S019,Kakalina Cars,Jl. Puri Asih No. 30. Semarang,086789012357
S020,Rustin Bisset,Jl. Jelambar Barat No. 7. Jakarta,089012345688
S021,Nicola Garnul,Jl. Flamboyan Selatan No. 12. Makassar,085678901241
S022,Lola Ciobotaro,Jl. Raya Batu Baru No. 19. Malang,082345678901
S023,Amos Bolmann,Jl. Parangtritis No. 18. Yogyakarta,087890123465
S024,Pauline Camili,Jl. Puri Asri No. 15. Semarang,082345678907
S025,Massimiliano Exelby,Jl. Kusuma Bangsa No. 6. Palembang,085678901245
S026,Billi Kitchingham,Jl. Raya Baru No. 15. Bandung,084567890136
S027,Gilly Figgen,Jl. Mulawarman No. 8. Medan,082345678906
S028,Tudor Dionis,Jl. Surya Kencana No. 5. Palembang,087890123457
S029,Stephenie Coom,Jl. Tlogomas No. 13. Malang,088901234572
S030,Joleen Candlin,Jl. Malioboro Lama No. 5. Yogyakarta,081234567802
S031,Aubrey Couronne,Jl. Padjajaran Barat No. 27. Bandung,084567890125
S032,Robenia Laweles,Jl. Pantai Kuta No. 40. Denpasar,085678901234
S033,Roxana Ackers,Jl. Permata Indah No. 2. Surabaya,089012345689
S034,Reyna Bowgen,Jl. Flamboyan Selatan No. 12. Makassar,083456789016
S035,Linell Eley,Jl. Merpati No. 17. Medan,087890123464
S036,Meta Negro,Jl. Gondang No. 15. Yogyakarta,086789012351
S037,Brig Clink,Jl. Dewi Sri No. 12. Denpasar,086789012347
S038,Mitch Grace,Jl. Flamboyan Baru No. 85. Makassar,090123456799
S039,Mordecai Calbaithe,Jl. Surya Kencana No. 5. Palembang,088901234568
S040,Sheri Tommasetti,Jl. Dipati Ukur No. 19. Surabaya,083456789015
S041,Ferguson Pawelke,Jl. Cihampelas No. 29. Bandung,081234567804
S042,Falkner Semonin,Jl. Gubeng Kertajaya No. 21. Surabaya,089012345679
S043,Mortie Leidecker,Jl. Flamboyan Selatan No. 12. Makassar,081234567802
S044,Travers Posvner,Jl. Imogiri Barat No. 20. Yogyakarta,082345678912
S045,Fabien Chamberlain,Jl. Sosrowijayan No. 22. Yogyakarta,085678901236
S046,Madeline Petticrow,Jl. Sumur Bandung No. 32. Bandung,084567890133
S047,Shir Fosdike,Yogyakarta. Jl. Kayu Manis No. 2,087890123460
S048,Darsie Tenaunt,Jl. Flamboyan Baru No. 85. Makassar,082345678912
S049,Wain Hawford,Jl. Puri Asih Baru No. 11. Jakarta,090123456795
S050,Georgy Tschierse,Jl. Malioboro Baru No. 8. Yogyakarta,089012345683
S051,Sam Frankiss,Jl. Raya Gatot Subroto No. 16. Surabaya,089012345690
S052,Elsinore MacRirie,Jl. Banyu Urip No. 15. Surabaya,088901234572
S053,Millisent Smogur,Jl. Kertajaya No. 23. Surabaya,081234567891
S054,Susanetta Spoerl,Jl. Puri Asih Baru No. 11. Jakarta,087890123466
S055,Shirleen MacGahey,Jl. Surya Kusuma No. 14. Palembang,082345678905
S056,Thoma Kimmitt,Jl. Cendrawasih No. 7. Jakarta,082345678913
S057,Kendall Greder,Jl. Kertajaya No. 23. Surabaya,089012345679
S058,Leland Vernall,Jl. Raya Cikutra No. 23. Bandung,088901234575
S059,Jory Bowhey,Jl. Solo No. 30. Yogyakarta,085678901242
S060,Sloane Tait,Jl. Bali Beach No. 10. Denpasar,085678901240
S061,Nevin Wells,Jl. Flamboyan Timur No. 50. Makassar,082345678901
S062,Skip Strettell,Jl. Raya Cikutra No. 23. Bandung,089012345678
S063,Charmian Phythien,Jl. Dipa Nusantara No. 14. Semarang,085678901242
S064,Merrile Warboys,Jl. Puri Sari Permai No. 53. Semarang,088901234574
S065,Wayland Fowley,Jl. Puri Sari Murni No. 32. Semarang,081234567896
S066,Alice Willgoss,Jl. Delima 5B. Medan,085678901246
S067,Lib Spreag,Jl. Puri Mulya No. 14. Semarang,088901234581
S068,Carey Braidman,Jl. Permata Indah No. 2. Surabaya,089012345690
S069,Jeanelle MacHoste,Jl. Surya Dharma No. 24. Palembang,082345678906
S070,Athene Hegerty,Jl. Hayam Wuruk Timur No. 30. Denpasar,085678901235
S071,Alain Guthrum,Jl. Pantai Kuta No. 40. Denpasar,088901234577
S072,Archambault Landsman,Jl. Raya Kuta No. 40. Denpasar,083456789020
S073,Shena Slany,Jl. Raya Bumiaji No. 25. Malang,090123456798
S074,Daile Ricketts,Jl. Lodaya No. 12. Bandung,083456789021
S075,Arlin Chooter,Jl. Flamboyan Barat No. 35. Makassar,088901234568
S076,Thaddeus Yurlov,Jl. Mangga No. 5. Medan,084567890131
S077,Gwynne Briggdale,Jl. Mangga No. 5. Medan,083456789024
S078,Muhammad Berryman,Jl. Hayam Wuruk Barat No. 25. Denpasar,083456789022
S079,Enoch Cuel,Jl. Padjajaran No. 29. Bandung,085678901244
S080,Lindon Tadd,Jl. Surya Dharma No. 24. Palembang,086789012348
S081,Merralee Lucas,Jl. Semeru No. 10. Malang,085678901234
S082,Andris Lipscomb,Jl. Puri Sari No. 29. Semarang,082345678913
S083,Blakeley Jurkiewicz,Jl. Raya Barat No. 5. Medan,082345678903
S084,Prudi Sisselot,Jl. Delima 5B. Medan,086789012345
S085,Dasi Obern,Jl. Flamboyan Selatan No. 12. Makassar,081234567801
S086,Trumaine Jirik,Jl. Kapt. A. Rivai No. 3. Palembang,081234567802
S087,Lemmy Pestricke,Jl. Kertajaya No. 23. Surabaya,089012345686
S088,Bellina Spink,Jl. Surya Bangun No. 9. Palembang,086789012355
S089,Almeria Rainsdon,Jl. Ketintang No. 17. Surabaya,087890123468
S090,Edin Petigrew,Jl. Puri Asih Baru No. 11. Jakarta,082345678904
S091,Mela Asbrey,Jl. Gambir No. 19. Yogyakarta,081234567897
S092,Krystle Doggart,Jl. Malioboro Lama No. 5. Yogyakarta,087890123463
S093,Ella Pohlke,Jl. Sumur Bandung No. 32. Bandung,090123456797
S094,Donalt Swinburn,Jl. Wonosari No. 35. Yogyakarta,089012345691
S095,Woodie Cocke,Jl. Cihampelas No. 29. Bandung,087890123459
S096,Nobie Hasling,Yogyakarta. Jl. Kayu Manis No. 2,088901234578
S097,Gray Corssen,Jl. Flamboyan Selatan No. 60. Makassar,090123456790
S098,Mariska Krolle,Jl. Pahlawan Kusuma No. 8. Palembang,088901234572
S099,Beauregard Elphey,Jl. Ciputat Raya No. 9. Jakarta,085678901237
S100,Kelbee Barbey,Jl. Puri Asih Baru No. 11. Jakarta,084567890134
S101,Shannon Rolstone,Jl. Jelambar Barat No. 7. Jakarta,085678901247
S102,Eve Cockshoot,Jl. Pahlawan Kusuma No. 9. Palembang,087890123462
S103,Catherina Koppe,Jl. Solo No. 30. Yogyakarta,090123456703
S104,Nicola Wrankling,Jl. Parangtritis No. 18. Yogyakarta,086789012346
S105,Gilberte Boost,Jl. Bali Beach No. 10. Denpasar,087890123459
S106,Christen Keepin,Jl. Surya Kusuma No. 14. Palembang,089012345683
S107,Rustie Barkes,Jl. Sawo No. 20. Jakarta,085678901246
S108,Susanetta Horley,Jl. Puri Asri No. 15. Semarang,083456789020
S109,Denny O'Shevlan,Jl. Cendrawasih No. 7. Jakarta,089012345685
S110,Dara Wildman,Jl. Sosrowijayan No. 22. Yogyakarta,088901234574
S111,Ellissa Philipsohn,Jl. Puri Sari Murni No. 32. Semarang,084567890131
S112,Torey Vango,Jl. Raya Batu No. 15. Malang,087890123456
S113,Micki Sparkwill,Jl. Merpati No. 17. Medan,081234567801
S114,Dasie Szubert,Jl. Banyu Urip No. 15. Surabaya,086789012359
S115,Ansley Skouling,Jl. Kertajaya No. 23. Surabaya,084567890127
S116,Chaddie Hedderly,Jl. Malioboro Lama No. 5. Yogyakarta,090123456794
S117,Chrysler Ciccottio,Jl. Kertajaya No. 23. Surabaya,089012345687
S118,Nonie Gullick,Jl. Kertajaya No. 23. Surabaya,086789012351
S119,Adara Christou,Jl. Hasanuddin No. 18. Makassar,084567890128
S120,Curtis Passman,Jl. Flamboyan No. 27. Makassar,083456789016
S121,Ozzie Rogge,Jl. Wonosari No. 35. Yogyakarta,085678901243
S122,Salmon Queyeiro,Jl. Ir. H. Juanda No. 22. Bandung,082345678914
S123,Jacquetta Liebrecht,Jl. Pantai Kuta No. 40. Denpasar,089012345682
S124,Gardner Rennie,Jl. Malang Selatan No. 11. Malang,082345678906
S125,Jocelin McMillan,Jl. Pantai Kuta No. 40. Denpasar,090123456795
S126,Nestor Cassels,Jl. Legian No. 29. Denpasar,087890123457
S127,Christy Donet,Jl. Magelang No. 22. Yogyakarta,081234567898
S128,Emmalee Farmloe,Jl. Merapi No. 40. Bandung,084567890136
S129,Lissa Bernli,Jl. Harmoni No. 8. Jakarta,085678901238
S130,Zarah Salack,Jl. Bali Beach No. 10. Denpasar,087890123460
S131,Boris Siaskowski,Jl. Kranggan No. 25. Yogyakarta,086789012355
S132,Karie Dudill,Jl. Banyuwangi No. 26. Surabaya,084567890126
S133,Moss Freschini,Jl. Permata Indah No. 2. Surabaya,084567890136
S134,Jolynn Southerill,Jl. Flamboyan Barat No. 35. Makassar,081234567891
S135,Emmy La Rosa,Jl. Dewi Sri No. 12. Denpasar,084567890124
S136,Sylvia Earlam,Jl. Flamboyan Barat No. 35. Makassar,088901234578
S137,Rosaleen Creak,Jl. Raya Batu Baru No. 19. Malang,086789012356
S138,Marijo McMurray,Jl. Puri Bunga No. 22. Medan,083456789023
S139,Florian Laverick,Jl. Puri Sari Indah No. 37. Semarang,088901234580
S140,Gris Kinnett,Jl. Simpang Dago No. 19. Malang,082345678904
S141,Audrye Stonehouse,Jl. Airlangga No. 7. Surabaya,090123456795
S142,Edouard Kerrod,Jl. Mawar Merah No. 30. Makassar,081234567800
S143,Janela Droghan,Jl. Raya Baru No. 15. Bandung,083456789014
S144,Jacinthe Geraud,Jl. Raya Cikutra No. 23. Bandung,083456789012
S145,Thebault Sketcher,Jl. Gatotkaca No. 33. Denpasar,090123456799
S146,Red Krzyzanowski,Jl. Cideng Timur No. 23. Jakarta,085678901242
S147,Helene Thomsson,Jl. Flamboyan Selatan No. 12. Makassar,082345678904
S148,Ashlin Leason,Jl. Bromo No. 17. Malang,086789012352
S149,Cassy Ashton,Jl. Pandanaran No. 14. Malang,082345678912
S150,Valaree Pleace,Jl. Cideng Timur No. 23. Jakarta,088901234569
