user_id,user_name,user_email,user_pass,user_phone,user_type,order_id,review_id
U001,Kleinzweig,ckleinzweig0@google.nl,"vV9@_<Sly$""cP`$",085678901239,member,O114,R027
U002,Brecknall,gbrecknall1@sohu.com,"fJ5)J`v3Z1'CX\X""",085678901242,member,O011,R042
U003,Oxbury,foxbury2@google.com.au,oL9.5GB!.3J*$,082345678904,member,O139,R048
U004,Hanne,thanne3@phpbb.com,mB8%|w|Y,086789012356,member,O089,R033
U005,Gariff,egariff4@springer.com,xD1)4Lt'J,089012345679,member,O077,R039
U006,Folcarelli,dfolcarelli5@umn.edu,"hZ4>K+OMVgO,0a",084567890125,member,O097,R003
U007,Engeham,pengeham6@posterous.com,"mP1.E""|'xG",085678901243,member,O139,R009
U008,Cockett,mcockett7@ask.com,sN5/5$viwxz,087890123461,member,O073,R034
U009,Daymont,edaymont8@weebly.com,hV2`y?cm+,089012345690,member,O055,R038
U010,Rice,trice9@msu.edu,dO4_t.%q},082345678909,member,O140,R015
U011,Gashion,bgashiona@cnbc.com,bU9$=/w|,085678901248,member,O123,R020
U012,Hucquart,jhucquartb@free.fr,kN6|&KfpV)u,081234567890,member,O077,R001
U013,Messingham,tmessinghamc@amazon.co.jp,lV5#zPYBPdHHa2.L,085678901243,member,O128,R007
U014,Gaunt,rgauntd@mac.com,"fW5%jT)(B/M_"")",090123456703,member,O064,R012
U015,Weinberg,hweinberge@google.com,"bZ8*rylj,4",083456789020,member,O059,R001
U016,Dixon,ldixonf@t.co,wY8%I9=Ft,084567890126,member,O112,R011
U017,Acomb,sacombg@wunderground.com,oH3&e5B'60ZjX>%|,081234567892,member,O039,R004
U018,Kurth,hkurthh@furl.net,fW6*AIx?m6$,081234567800,member,O072,R043
U019,O'Hagirtie,fohagirtiei@europa.eu,yO6$t<k6(qemy>,088901234574,member,O071,R047
U020,Stendall,bstendallj@squarespace.com,vG1~n1nibTY0Bw,087890123461,member,O083,R027
U021,Murney,gmurneyk@google.pl,dN5&@(%dV_@!,088901234569,member,O051,R003
U022,Fielder,nfielderl@facebook.com,dJ5>PY7Se+),089012345682,member,O040,R016
U023,Bedinn,ibedinnm@ucoz.ru,eZ2=?%!Jmci#5eNm,086789012358,member,O006,R039
U024,Skotcher,askotchern@businessinsider.com,vH7`*N9(Fu,086789012345,member,O133,R044
U025,MacGowing,bmacgowingo@yellowpages.com,hS6&Ld2g_,087890123460,member,O146,R044
U026,Nathon,gnathonp@google.co.uk,lQ6{q)j=zE,086789012346,member,O091,R005
U027,Scriviner,lscrivinerq@barnesandnoble.com,tV2)n2NrIso,082345678911,member,O050,R019
U028,Lucchi,elucchir@who.int,yL6=2C|xL{/rWS,085678901239,member,O061,R004
U029,Fydo,dfydos@amazon.de,cI2@(dOH,084567890134,member,O044,R019
U030,Sleicht,csleichtt@linkedin.com,qM4?>>(w9,088901234580,member,O078,R030
U031,Bridle,sbridleu@livejournal.com,"dD6$*SqQ}""QGp",084567890130,member,O116,R012
U032,Mewrcik,tmewrcikv@cnn.com,aH6.>WKV~4(j,089012345688,member,O127,R036
U033,Owttrim,mowttrimw@examiner.com,fW0'O#6L,083456789023,member,O096,R001
U034,Navarijo,dnavarijox@wikispaces.com,vD3~WYTM{EK*,089012345688,member,O134,R005
U035,Wessing,cwessingy@reddit.com,tN9{\kEjhbdE,089012345685,member,O142,R002
U036,Smethurst,fsmethurstz@examiner.com,dM6`=VGh(1./1LV,082345678908,member,O040,R043
U037,Stennard,sstennard10@usnews.com,rC4#x6nJ8iE,083456789020,member,O003,R041
U038,Whistlecroft,bwhistlecroft11@twitpic.com,eY0+3F_Q~zFcE'O,086789012345,member,O098,R042
U039,Leatham,eleatham12@businesswire.com,wO7/Q~7a45+~H,086789012356,member,O054,R019
U040,Liffey,sliffey13@webnode.com,uY4`m.r2_zW#Nl<v,090123456702,member,O005,R017
U041,Twinborough,rtwinborough14@soundcloud.com,aX3\\J<Hh,089012345679,member,O101,R009
U042,Powderham,tpowderham15@google.com.br,sO5=?9_yy~et}V,082345678903,member,O113,R016
U043,Shuxsmith,pshuxsmith16@issuu.com,oI4_b|0|V3|,087890123456,member,O065,R033
U044,Cussen,icussen17@reuters.com,fK8~+`=A7Iks)njK,082345678907,member,O069,R008
U045,Fatscher,lfatscher18@delicious.com,xN1(.?7yV,084567890126,member,O056,R018
U046,Pieracci,apieracci19@ft.com,sH3~mtNW`n(VbW1,085678901246,member,O036,R022
U047,Laverock,klaverock1a@berkeley.edu,rR1?APSB_V=@y,090123456790,member,O049,R014
U048,Vermer,rvermer1b@newsvine.com,sN0)VmkX,084567890134,member,O061,R045
U049,Lavin,blavin1c@youtu.be,eU5=sh7#l,084567890136,member,O113,R028
U050,Berkley,uberkley1d@census.gov,"rB4,""K=~i",083456789019,member,O051,R018
U051,Dallas,fdallas1e@plala.or.jp,tY3*7G8{Qe66$,081234567899,member,O084,R040
U052,Dengel,gdengel1f@addthis.com,gJ1`\sB2geCN,081234567892,member,O098,R027
U053,Collough,fcollough1g@wikia.com,bF5&ZXO>Hwq6X`,085678901245,member,O061,R042
U054,Ivanchenkov,jivanchenkov1h@baidu.com,eJ4`Njm'WwF,081234567801,member,O056,R014
U055,Logesdale,llogesdale1i@wordpress.org,bN5{<7=cK|*O,090123456791,member,O058,R046
U056,Adamovich,iadamovich1j@stanford.edu,"hZ5.r~{B6""jT",088901234569,member,O092,R021
U057,Celez,ecelez1k@disqus.com,bW8@~MpCg2).d+,083456789026,member,O133,R019
U058,Snalham,bsnalham1l@naver.com,hI4%OjL$Fk&,086789012350,member,O012,R025
U059,Barthot,ibarthot1m@oakley.com,"yE1`z{ZysC0W{""?",087890123463,member,O095,R031
U060,Perigo,cperigo1n@nhs.uk,"uC8.,DT|+B$LYk",090123456789,member,O063,R043
U061,Claxson,eclaxson1o@who.int,oC4<j)Sdd_,086789012355,member,O084,R039
U062,Glasson,jglasson1p@google.com.br,sE5*pQ&U,082345678910,member,O095,R005
U063,Topham,ltopham1q@youtu.be,"oI4!o$UW6XDD=U&,",085678901243,member,O043,R027
U064,Lemasney,flemasney1r@mashable.com,sK3(2*&&jK,087890123462,member,O034,R047
U065,Bretherick,gbretherick1s@nps.gov,bU0?y<rHsx,083456789018,member,O112,R026
U066,MacIlory,emacilory1t@tumblr.com,jB5`fK$i#Q{vFI,088901234580,member,O010,R042
U067,Sueter,wsueter1u@qq.com,cZ2?ib+R.RjxyK,084567890123,member,O033,R047
U068,Faro,ffaro1v@europa.eu,"vE9!""Bp9)f|i7,W",086789012349,member,O131,R009
U069,O' Mara,eomara1w@livejournal.com,jX3=6}\5koZkV|B5,087890123469,member,O096,R028
U070,Malim,cmalim1x@wiley.com,qI1.ro7iuTE,082345678911,member,O006,R014
U071,Prover,lprover1y@goo.gl,vR9`9CIm*ky9,083456789018,member,O097,R009
U072,Roos,hroos1z@usatoday.com,nI6#{Gk6km&&uN,089012345686,member,O147,R006
U073,Wharton,cwharton20@gov.uk,tR6?#a_M)g,090123456790,member,O023,R012
U074,Harms,dharms21@cmu.edu,rH9\qkNMGPE&Lg=k,085678901246,member,O015,R046
U075,Connock,aconnock22@moonfruit.com,sZ0_6|t*V\!r6n}T,089012345683,member,O099,R029
U076,Eadmeades,leadmeades23@ezinearticles.com,sU4)KNkzaN,083456789018,guest,O006,R035
U077,Espine,respine24@hud.gov,"vB4`>,jRPqQOoT",089012345682,guest,O074,R019
U078,Benzi,jbenzi25@oaic.gov.au,pZ8}>@5zt!{,083456789016,guest,O092,R016
U079,Harbord,nharbord26@rambler.ru,lP1>71#R*m>mD8.,088901234568,guest,O066,R030
U080,Reddyhoff,greddyhoff27@omniture.com,kZ5<3bxM#J)$K,081234567895,guest,O127,R029
U081,Sharram,msharram28@google.fr,"hE4{,s*F{\D",082345678904,guest,O012,R007
U082,Rickson,grickson29@statcounter.com,aO8%K8iTwRw,088901234575,guest,O131,R023
U083,Dacre,jdacre2a@surveymonkey.com,"gN6.bf"".",088901234570,guest,O099,R031
U084,Plume,rplume2b@howstuffworks.com,"nI5{.e,r\QD&k",084567890128,guest,O092,R038
U085,Arrandale,aarrandale2c@usda.gov,"oU4_eTx'""=PngetU",085678901242,guest,O089,R042
U086,Avrahamof,cavrahamof2d@godaddy.com,hS3+XFviG0v,084567890126,guest,O028,R028
U087,Crowe,dcrowe2e@admin.ch,"zI7""`WwkzR5q<QuL",088901234581,guest,O032,R041
U088,Scallon,bscallon2f@pcworld.com,rW4$A3BZ=5mg,082345678912,guest,O041,R033
U089,Kirtland,lkirtland2g@networksolutions.com,fX5_q|GWDj/3R,084567890131,guest,O035,R029
U090,Loxston,hloxston2h@people.com.cn,gJ0@p%4`UL{/,082345678909,guest,O137,R018
U091,Barlas,rbarlas2i@google.com,pZ2@GsUJn,087890123460,guest,O012,R049
U092,Salkeld,esalkeld2j@domainmarket.com,hL3$GaqDW4_,083456789025,guest,O075,R005
U093,Borg,kborg2k@soup.io,iJ6%|>Ss,089012345680,guest,O076,R013
U094,McHenry,bmchenry2l@goo.ne.jp,"dH4=.7*vqF,?W",081234567803,guest,O118,R002
U095,Stickens,mstickens2m@umn.edu,"sZ5""|AUr2c",089012345686,guest,O133,R030
U096,Askwith,paskwith2n@hatena.ne.jp,fH1\jOVbPrEg28iy,082345678913,guest,O044,R029
U097,Warlock,cwarlock2o@tripod.com,iK8_=Lxz@D_,085678901237,guest,O015,R015
U098,Swaine,sswaine2p@yahoo.co.jp,cA5(MRrve+k,090123456702,guest,O093,R035
U099,Mc-Kerley,nmckerley2q@sphinn.com,hF6<vOU=lOoj_m,083456789014,guest,O034,R028
U100,Niece,pniece2r@stanford.edu,jX4@bZZ<Kn@RNa,084567890123,guest,O064,R012
U101,Amner,ramner2s@sourceforge.net,zZ7`MqbJ,089012345683,guest,O040,R027
U102,Baudins,gbaudins2t@feedburner.com,qO7@o\P(o/j,088901234580,guest,O011,R001
U103,Champken,achampken2u@sbwire.com,oW7`og(3q,085678901241,guest,O016,R030
U104,Ryding,jryding2v@de.vu,"jI3,HLHlwqp/d",086789012359,guest,O097,R007
U105,Sorrell,ksorrell2w@answers.com,kB6@jx3F3w~=q+,084567890131,guest,O086,R020
U106,Roll,eroll2x@admin.ch,"gB9|+p(tstj_x""J",082345678914,guest,O023,R026
U107,Crotch,hcrotch2y@ocn.ne.jp,"tB0,5_ZKZ6L'VJA",081234567892,guest,O115,R043
U108,Bergen,ebergen2z@stanford.edu,tJ7>i%Tbcc3q,083456789018,guest,O054,R046
U109,Blencowe,jblencowe30@pagesperso-orange.fr,wS7}l5iv?3tc'=dO,086789012347,guest,O046,R037
U110,Gilks,qgilks31@statcounter.com,kN5@XibBN!0WA>,082345678909,guest,O044,R012
U111,Belloch,hbelloch32@sciencedirect.com,kS9+EaW*<tC/s8,089012345692,guest,O079,R004
U112,Calkin,ocalkin33@canalblog.com,lL1@CfI{P!1lNe*,081234567899,guest,O061,R024
U113,Hastilow,lhastilow34@ibm.com,oD4?U)xn\GfbP%Np,083456789012,guest,O112,R039
U114,Cromwell,tcromwell35@barnesandnoble.com,"oM4|L(LeU(I\2,",085678901236,guest,O104,R002
U115,Shipton,oshipton36@liveinternet.ru,"nV8~z|O2,!8m",086789012350,guest,O013,R033
U116,McCuis,smccuis37@cpanel.net,zW9>6m8Z~+O5,086789012350,guest,O078,R048
U117,Tupp,atupp38@seattletimes.com,"bI6&l2""ea5s",088901234578,guest,O118,R049
U118,Sellack,psellack39@wikispaces.com,zM9%mC!)&,085678901237,guest,O032,R013
U119,Kelson,wkelson3a@friendfeed.com,uR7`ndHXjQAO,090123456701,guest,O073,R039
U120,Tatterton,itatterton3b@amazonaws.com,bD5@YXCN,087890123459,guest,O115,R019
U121,Wornham,owornham3c@sciencedaily.com,"pN4`""77@L?$3BL",084567890131,guest,O064,R026
U122,Dyett,hdyett3d@parallels.com,"uG5**l0|f5VE4,",087890123460,guest,O022,R043
U123,Benstead,kbenstead3e@columbia.edu,"rE2,*0C(fw<",081234567800,guest,O009,R002
U124,Diggell,jdiggell3f@gizmodo.com,eP4#V8o/ChF/o+\N,082345678906,guest,O124,R007
U125,Nowaczyk,anowaczyk3g@dagondesign.com,"aI0/Y%uu_~Q""e",088901234573,guest,O071,R015
U126,Edinborough,tedinborough3h@ihg.com,bE9`jD<}KCG/I,090123456792,guest,O081,R034
U127,Hurll,khurll3i@opensource.org,vW5|l8acZ?=C,082345678901,guest,O047,R013
U128,Mundow,emundow3j@dmoz.org,uK4>X9Jf02B@k*,088901234576,guest,O050,R027
U129,Sangar,msangar3k@wikia.com,yZ5~)9sxc,089012345678,guest,O135,R042
U130,Cansdale,ccansdale3l@privacy.gov.au,bJ9'dBM!,083456789018,guest,O147,R005
U131,Dalliwatr,jdalliwatr3m@ehow.com,"tB7|9C%,v=njFI",086789012346,guest,O101,R019
U132,Bhar,abhar3n@ebay.co.uk,fC1?t8o$}Py8yp/,081234567801,guest,O130,R044
U133,Rijkeseis,frijkeseis3o@weather.com,"mU0>7t""8TlP",085678901240,guest,O109,R035
U134,Morsom,jmorsom3p@scribd.com,qQ7*c`dy8v,090123456701,guest,O091,R017
U135,Kem,kkem3q@typepad.com,jI7%HR*.X7gSg$(,085678901235,guest,O090,R037
U136,Jobin,rjobin3r@howstuffworks.com,vM0#j\gUvMTIY+),085678901247,guest,O040,R020
U137,Dispencer,vdispencer3s@google.pl,zP3\icQeut)76,087890123469,guest,O093,R008
U138,Hugenin,rhugenin3t@moonfruit.com,hR2)5m7A},085678901239,guest,O102,R025
U139,Spinney,cspinney3u@issuu.com,uH1+V}G|LjPc,090123456798,guest,O120,R036
U140,Temperley,htemperley3v@buzzfeed.com,"fQ2}zO</({f""N~{",081234567897,guest,O026,R030
U141,Stark,jstark3w@phpbb.com,"lE6(,Vr#Z<",085678901242,guest,O088,R024
U142,Burdas,kburdas3x@mozilla.com,eI2*7>Js?,088901234567,guest,O041,R022
U143,Zini,bzini3y@washingtonpost.com,xM3&6MKDy>Rw(K,086789012350,guest,O064,R041
U144,Scandrite,nscandrite3z@usda.gov,"eD3%j4Q""4",087890123468,guest,O097,R001
U145,Lob,alob40@columbia.edu,"fJ0.gA0*#c<',K",090123456791,guest,O054,R049
U146,Craddock,vcraddock41@fastcompany.com,xN8{*XEty)So&e%,086789012349,guest,O125,R011
U147,Cuerda,rcuerda42@pagesperso-orange.fr,hW0#BYDUQOrPd,082345678903,guest,O140,R039
U148,Kulver,pkulver43@bloglovin.com,bP0\0qjI`Q\T0X`E,085678901246,guest,O141,R004
U149,Snowsill,usnowsill44@amazon.co.uk,dR6\2F)<j,088901234572,guest,O017,R016
U150,Nore,dnore45@booking.com,cC9<}y3E9vo+0,083456789018,guest,O100,R012
