voucher_name,user_id,expired_date,discount_price
PromoPinnacle,U069,25/02/2023,15000
PromoPanache,U058,29/01/2023,5000
BargainBinge,U007,15/03/2023,15000
DiscountDeluge,U073,11/12/2022,10000
VoucherVista,U016,27/05/2023,10000
DealDive,U062,24/03/2023,10000
PricePulse,U073,10/04/2023,10000
FrugalFiesta,U009,07/05/2023,5000
PricePulse,U037,08/02/2023,15000
BargainBounty,U024,10/05/2023,15000
PricePlummet,U016,02/07/2023,5000
VoucherVista,U062,28/01/2023,10000
BargainBonanza,U012,03/04/2023,10000
BargainBinge,U009,12/04/2023,10000
CouponCharm,U020,16/03/2023,10000
CouponCharm,U035,27/03/2023,5000
PromoPeak,U044,01/02/2023,15000
DiscountDelight,U029,04/02/2023,15000
BargainBounty,U022,28/02/2023,5000
CouponCharm,U059,02/09/2023,5000
CouponCascade,U001,30/05/2023,10000
DiscountDynamo,U055,11/10/2023,5000
PromoPulse,U033,02/08/2023,10000
DealDazzle,U012,01/10/2023,10000
VoucherVault,U061,31/10/2023,15000
FrugalFrenzy,U043,22/08/2023,15000
ThriftyTwist,U023,09/10/2023,10000
PricePlunge,U072,18/04/2023,10000
PricePlunge,U011,10/07/2023,15000
FlashFavor,U007,15/01/2023,5000
DiscountDynamo,U072,13/01/2023,5000
CouponCarousel,U026,26/01/2023,5000
PromoPulse,U006,11/08/2023,10000
SaveSpectacle,U057,26/09/2023,15000
PricePlunge,U056,30/12/2022,10000
BargainBinge,U040,11/07/2023,10000
VoucherVault,U051,30/09/2023,5000
SaverSplash,U050,10/04/2023,5000
BargainBreeze,U029,25/06/2023,15000
DealDash,U042,04/04/2023,15000
FrugalFiesta,U066,21/02/2023,10000
FrugalFlare,U048,30/05/2023,15000
CouponChase,U027,17/07/2023,15000
BargainBlitz,U017,12/12/2022,5000
SaverSurge,U006,26/09/2023,15000
BudgetBounty,U068,26/10/2023,15000
VoucherVigil,U051,04/07/2023,15000
FrugalFlare,U040,07/05/2023,15000
FrugalFiesta,U013,21/11/2022,5000
BudgetBliss,U048,07/12/2022,5000
BargainBonanza,U075,05/09/2023,15000
PromoPinnacle,U020,28/05/2023,15000
CouponCarousel,U013,11/05/2023,10000
FrugalFiesta,U050,14/03/2023,5000
PromoPeak,U029,21/02/2023,10000
PromoPeak,U021,15/08/2023,15000
PromoPeak,U047,26/09/2023,15000
ThriftToken,U037,22/05/2023,5000
VoucherVault,U028,26/04/2023,5000
DiscountDeluge,U007,19/10/2023,5000
SaveSpectacle,U043,29/03/2023,5000
DiscountDream,U010,06/07/2023,5000
PricePulse,U025,31/10/2023,10000
PromoPeak,U026,30/09/2023,5000
FlashFavor,U058,11/10/2023,5000
FrugalFrenzy,U007,18/05/2023,10000
BargainBounty,U010,20/01/2023,5000
VoucherVista,U008,20/10/2023,15000
DealDaze,U008,05/08/2023,5000
PromoPanache,U031,20/12/2022,5000
DiscountDynamo,U062,28/08/2023,10000
VoucherVerve,U051,16/07/2023,15000
DiscountDream,U035,30/11/2022,10000
PromoParade,U020,25/01/2023,15000
PricePlummet,U036,30/10/2023,5000
PromoPalooza,U071,09/01/2023,10000
PricePulse,U014,16/10/2023,10000
FrugalFrenzy,U038,21/12/2022,10000
PromoPalooza,U027,26/11/2022,5000
FrugalFiesta,U065,22/09/2023,15000
PromoPinnacle,U044,06/10/2023,10000
VoucherVerve,U043,09/11/2023,5000
BudgetBliss,U020,04/02/2023,15000
ThriftyTrance,U012,12/01/2023,15000
BargainBounty,U074,06/03/2023,15000
DiscountDream,U068,28/10/2023,10000
PromoPeak,U064,06/05/2023,15000
CouponCascade,U031,16/05/2023,10000
BudgetBurst,U035,26/03/2023,5000
BargainBounty,U003,13/12/2022,10000
VoucherVista,U039,30/07/2023,5000
BargainBonanza,U040,11/02/2023,5000
DiscountDelight,U069,21/01/2023,10000
ThriftTide,U002,23/08/2023,10000
BudgetBounty,U007,13/10/2023,5000
DealDaze,U033,13/09/2023,10000
PromoPanache,U071,15/08/2023,5000
PromoPanache,U031,11/09/2023,5000
BargainBonanza,U072,07/04/2023,10000
VoucherVault,U006,20/09/2023,10000
BargainBreeze,U035,11/11/2022,5000
PromoPulse,U026,11/10/2023,15000
BargainBounty,U033,24/06/2023,5000
ThriftyTrance,U074,09/11/2023,5000
PromoPalooza,U046,16/12/2022,10000
PricePlunge,U023,21/06/2023,15000
BudgetBurst,U015,30/10/2023,15000
CouponCascade,U044,01/08/2023,5000
PricePlunge,U073,14/03/2023,10000
BudgetBurst,U075,16/06/2023,5000
ThriftTide,U067,01/11/2023,10000
SaverSwirl,U055,20/08/2023,5000
BargainBounty,U009,19/03/2023,10000
SaverSwirl,U051,04/01/2023,15000
CouponChase,U068,31/05/2023,15000
ThriftToken,U074,05/02/2023,15000
PricePlunge,U020,27/11/2022,5000
FlashFavor,U034,19/04/2023,10000
ThriftyTrance,U006,04/10/2023,10000
PromoPanache,U070,18/12/2022,15000
SaverSurge,U062,16/04/2023,10000
VoucherVigil,U063,19/11/2022,5000
BargainBurst,U032,17/03/2023,5000
SaverSphere,U034,01/12/2022,5000
SaverSphere,U043,23/03/2023,15000
ThriftyTwist,U069,22/02/2023,5000
BudgetBounty,U008,29/03/2023,10000
ThriftyTreats,U038,17/09/2023,10000
DiscountDelight,U021,04/04/2023,15000
DealDaze,U028,16/12/2022,10000
BudgetBliss,U066,18/04/2023,10000
BudgetBurst,U030,08/04/2023,5000
CouponCrafter,U051,08/03/2023,5000
DealDazzle,U050,23/03/2023,10000
VoucherVortex,U003,04/01/2023,10000
ThriftyTwist,U014,07/11/2023,5000
BudgetBounty,U018,30/09/2023,10000
BudgetBounty,U045,09/04/2023,10000
FrugalFrenzy,U065,22/06/2023,15000
PromoPeak,U004,04/06/2023,5000
BudgetBliss,U062,23/01/2023,15000
FrugalFrenzy,U016,09/06/2023,5000
PromoPalooza,U012,28/10/2023,5000
CouponCascade,U048,01/04/2023,10000
SaverSurge,U075,20/06/2023,5000
BudgetBlast,U029,30/08/2023,10000
DealDive,U054,26/07/2023,15000
PricePlunge,U022,25/01/2023,5000
PromoPinnacle,U049,01/03/2023,10000
PromoPulse,U013,22/10/2023,5000
